{
  "user_001": {
    "session_duration": {
      "mean": 0.018421052631578946,
      "std": 0.00980731569078855,
      "min": 0.007017543859649123,
      "max": 0.02982456140350877
    },
    "mean_tap_duration": {
      "mean": 0.3745791929030565,
      "std": 0.06581625270301436,
      "min": 0.283030303030303,
      "max": 0.45769119769119765
    },
    "std_tap_duration": {
      "mean": 0.634218353165053,
      "std": 0.08734479135837599,
      "min": 0.502226084547587,
      "max": 0.7353289395739842
    },
    "tap_count": {
      "mean": 0.18000000000000002,
      "std": 0.03162277660168379,
      "min": 0.14,
      "max": 0.22
    },
    "mean_swipe_speed": {
      "mean": 0.3147458745440517,
      "std": 0.07428337007506831,
      "min": 0.25453246659301343,
      "max": 0.4411745493125702
    },
    "std_swipe_speed": {
      "mean": 0.14347038627362402,
      "std": 0.06036619361496799,
      "min": 0.05557156032986105,
      "max": 0.2202723835394823
    },
    "mean_swipe_distance": {
      "mean": 0.28589306926169594,
      "std": 0.07741109092033435,
      "min": 0.2231443599232456,
      "max": 0.4176450566520469
    },
    "std_swipe_distance": {
      "mean": 0.1721644635283488,
      "std": 0.0724394323379616,
      "min": 0.06668587239583326,
      "max": 0.2643268602473788
    },
    "swipe_count": {
      "mean": 0.15,
      "std": 0.03535533905932738,
      "min": 0.1,
      "max": 0.2
    },
    "unique_screens_count": {
      "mean": 0.13157894736842105,
      "std": 0.02631578947368421,
      "min": 0.10526315789473684,
      "max": 0.15789473684210525
    },
    "fd_broken": {
      "mean": 0.0,
      "std": 0.0,
      "min": 0.0,
      "max": 0.0
    },
    "loan_taken": {
      "mean": 0.0,
      "std": 0.0,
      "min": 0.0,
      "max": 0.0
    },
    "screen_recording_detected": {
      "mean": 0.0,
      "std": 0.0,
      "min": 0.0,
      "max": 0.0
    },
    "transaction_amount": {
      "mean": 0.05075,
      "std": 0.030605350839354874,
      "min": 0.0,
      "max": 0.08
    },
    "time_from_login_to_fd": {
      "mean": 0.0,
      "std": 0.0,
      "min": 0.0,
      "max": 0.0
    },
    "time_from_login_to_loan": {
      "mean": 0.0,
      "std": 0.0,
      "min": 0.0,
      "max": 0.0
    },
    "time_between_fd_and_loan": {
      "mean": 0.0,
      "std": 0.0,
      "min": 0.0,
      "max": 0.0
    },
    "most_common_navigation_flow": [
      "HomePage",
      "TransferTypePage",
      "WithinBankTransferPage"
    ]
  }
}